-- SQLite to MySQL Migration SQL Script
-- Generated by export_sqlite.py

SET NAMES utf8mb4;
SET FOREIGN_KEY_CHECKS = 0;

INSERT INTO `users` (`id`, `username`, `password`, `role`, `status`, `permissions`) VALUES (1, 'admin', 'scrypt:32768:8:1$yVLceGMxZn3ecOme$ab7e301000b6162957f1a99de835702a221a15cbc4708dfdfc7f75498cbcd6db0971d33536d8d8f98fcdb4192fb4b956bbfb8349b138289baf8ec3ba0dcfdb97', 'admin', 'active', '[]');
INSERT INTO `users` (`id`, `username`, `password`, `role`, `status`, `permissions`) VALUES (2, 'user', 'scrypt:32768:8:1$k7vNl6EIPePgmfGB$a26a9347f9cc56d4d33f030c56f422ad6debbdd414746fbbaefd80e90c34457724e785fd2cdf604ed647f02b9c474e54cc6e41f08eec9dd921210a7c4c320d42', 'user', 'active', '[]');
INSERT INTO `users` (`id`, `username`, `password`, `role`, `status`, `permissions`) VALUES (5, 'user2', 'scrypt:32768:8:1$WIi2g86eOk3llObM$25b147f3fb442d0fa2fa5d9b81d0507787dce31985ae18471749e58e2b1440d05c75f6d637c9379572713965891a9a7777376a456c2b20f4cf411f201e4d8474', 'equipment_engineer', 'active', '["device_management"]');
INSERT INTO `devices` (`id`, `device_code`, `device_name`, `model`, `location`, `status`, `created_at`, `is_deleted`) VALUES (1, 'k001', '空压机', 'kyj_001', '设备间', 'active', '2026-05-11 07:59:47', 0);
INSERT INTO `devices` (`id`, `device_code`, `device_name`, `model`, `location`, `status`, `created_at`, `is_deleted`) VALUES (2, 'S001', '制丸机', 'zwj_001', '车间', 'active', '2026-05-11 08:00:40', 0);
INSERT INTO `devices` (`id`, `device_code`, `device_name`, `model`, `location`, `status`, `created_at`, `is_deleted`) VALUES (3, 'ddd', 'dff', 'dff', '设备间', 'active', '2026-05-13 08:36:57', 0);
INSERT INTO `documents` (`id`, `device_id`, `doc_type`, `doc_name`, `version`, `file_path`, `uploaded_by`, `upload_time`, `remarks`, `is_deleted`, `download_count`, `status`) VALUES (1, 2, 'maintenance', '设备维护手册.docx', '1.0', 'D:\\EquipmentManagement\\uploads\\device_2\\maintenance_1.0_docx', 'admin', '2026-05-11 08:09:19', '制丸机26-5-11维护记录', 1, 2, 'archived');
INSERT INTO `documents` (`id`, `device_id`, `doc_type`, `doc_name`, `version`, `file_path`, `uploaded_by`, `upload_time`, `remarks`, `is_deleted`, `download_count`, `status`) VALUES (2, 2, 'equipment_history', 'SOP.doc', '1.0', 'D:\\EquipmentManagement\\uploads\\device_2\\equipment_history_1.0_SOP.doc', 'admin', '2026-05-11 09:26:08', '', 0, 1, 'archived');
INSERT INTO `documents` (`id`, `device_id`, `doc_type`, `doc_name`, `version`, `file_path`, `uploaded_by`, `upload_time`, `remarks`, `is_deleted`, `download_count`, `status`) VALUES (3, 2, 'equipment_history', '设备操作指南.pdf', '1.1', 'D:\\EquipmentManagement\\uploads\\device_2\\equipment_history_1.1_pdf', 'admin', '2026-05-11 09:34:24', '', 0, 1, 'archived');
INSERT INTO `documents` (`id`, `device_id`, `doc_type`, `doc_name`, `version`, `file_path`, `uploaded_by`, `upload_time`, `remarks`, `is_deleted`, `download_count`, `status`) VALUES (4, 2, 'equipment_history', '设备维护记录.docx', '1.2', 'D:\\EquipmentManagement\\uploads\\device_2\\equipment_history_1.2_docx', 'admin', '2026-05-13 01:44:51', 'sssss', 0, 1, 'active');
INSERT INTO `documents` (`id`, `device_id`, `doc_type`, `doc_name`, `version`, `file_path`, `uploaded_by`, `upload_time`, `remarks`, `is_deleted`, `download_count`, `status`) VALUES (5, 1, 'drawing', 'SOP.doc', '1.0', 'D:\\EquipmentManagement\\uploads\\device_1\\drawing_1.0_SOP.doc', 'admin', '2026-05-13 01:48:54', 'dfgdfgd', 0, 0, 'active');
INSERT INTO `documents` (`id`, `device_id`, `doc_type`, `doc_name`, `version`, `file_path`, `uploaded_by`, `upload_time`, `remarks`, `is_deleted`, `download_count`, `status`) VALUES (6, 2, 'maintenance', 'SOP.doc', '1.0', 'D:\\EquipmentManagement\\uploads\\device_2\\maintenance_1.0_SOP.doc', 'admin', '2026-05-13 02:01:57', '', 0, 0, 'active');
INSERT INTO `documents` (`id`, `device_id`, `doc_type`, `doc_name`, `version`, `file_path`, `uploaded_by`, `upload_time`, `remarks`, `is_deleted`, `download_count`, `status`) VALUES (7, 2, 'equipment_history', '空调系统保养记录.doc', '1.3', 'D:\\EquipmentManagement\\uploads\\device_2\\equipment_history_1.3_.doc', 'admin', '2026-05-13 07:37:32', '', 0, 0, 'draft');
INSERT INTO `documents` (`id`, `device_id`, `doc_type`, `doc_name`, `version`, `file_path`, `uploaded_by`, `upload_time`, `remarks`, `is_deleted`, `download_count`, `status`) VALUES (8, 2, 'urs', '空调系统SOP.doc', '1.0', 'D:\\EquipmentManagement\\uploads\\device_2\\urs_1.0_SOP.doc', 'admin', '2026-05-13 07:40:24', '', 0, 0, 'active');
INSERT INTO `documents` (`id`, `device_id`, `doc_type`, `doc_name`, `version`, `file_path`, `uploaded_by`, `upload_time`, `remarks`, `is_deleted`, `download_count`, `status`) VALUES (9, 1, 'equipment_history', '空调系统SOP.doc', '1.0', 'D:\\EquipmentManagement\\uploads\\device_1\\equipment_history_1.0_SOP.doc', 'admin', '2026-05-13 08:18:41', '', 0, 0, 'draft');
INSERT INTO `documents` (`id`, `device_id`, `doc_type`, `doc_name`, `version`, `file_path`, `uploaded_by`, `upload_time`, `remarks`, `is_deleted`, `download_count`, `status`) VALUES (10, 2, 'urs', '空调系统SOP.doc', '1.1', 'D:\\EquipmentManagement\\uploads\\device_2\\urs_1.1_SOP.doc', 'admin', '2026-05-13 08:20:32', '', 0, 0, 'active');
INSERT INTO `documents` (`id`, `device_id`, `doc_type`, `doc_name`, `version`, `file_path`, `uploaded_by`, `upload_time`, `remarks`, `is_deleted`, `download_count`, `status`) VALUES (11, 1, 'maintenance', '空调系统SOP.doc', '1.0', 'D:\\EquipmentManagement\\uploads\\device_1\\maintenance_1.0_SOP.doc', 'admin', '2026-05-13 08:20:57', '', 0, 0, 'draft');
INSERT INTO `documents` (`id`, `device_id`, `doc_type`, `doc_name`, `version`, `file_path`, `uploaded_by`, `upload_time`, `remarks`, `is_deleted`, `download_count`, `status`) VALUES (12, 2, 'iq', '空调系统SOP.doc', '1.0', 'D:\\EquipmentManagement\\uploads\\device_2\\iq_1.0_SOP.doc', 'admin', '2026-05-13 08:21:43', '', 0, 0, 'pending');
INSERT INTO `borrow_records` (`id`, `doc_id`, `borrower`, `borrow_date`, `return_date`, `status`) VALUES (1, 1, 'admin', '2026-05-11 08:09:31', '2026-05-11 08:19:19', 'returned');
INSERT INTO `borrow_records` (`id`, `doc_id`, `borrower`, `borrow_date`, `return_date`, `status`) VALUES (2, 2, 'admin', '2026-05-11 09:34:33', '2026-05-11 09:35:30', 'returned');
INSERT INTO `borrow_records` (`id`, `doc_id`, `borrower`, `borrow_date`, `return_date`, `status`) VALUES (3, 2, 'user', '2026-05-11 09:35:40', '2026-05-11 09:36:45', 'returned');
INSERT INTO `borrow_records` (`id`, `doc_id`, `borrower`, `borrow_date`, `return_date`, `status`) VALUES (4, 3, 'user', '2026-05-11 09:36:53', '2026-05-12 01:17:42', 'returned');
INSERT INTO `borrow_records` (`id`, `doc_id`, `borrower`, `borrow_date`, `return_date`, `status`) VALUES (5, 3, 'wtf', '2026-05-12 01:18:51', NULL, 'borrowed');
INSERT INTO `audit_logs` (`id`, `user`, `action`, `target_type`, `target_id`, `details`, `log_time`, `before_value`, `after_value`, `reason`, `ip_address`) VALUES (1, 'admin', 'login', 'user', 1, '用户登录', '2026-05-11 07:56:53', NULL, NULL, NULL, NULL);
INSERT INTO `audit_logs` (`id`, `user`, `action`, `target_type`, `target_id`, `details`, `log_time`, `before_value`, `after_value`, `reason`, `ip_address`) VALUES (2, 'admin', 'logout', 'user', 1, '用户登出', '2026-05-11 07:59:14', NULL, NULL, NULL, NULL);
INSERT INTO `audit_logs` (`id`, `user`, `action`, `target_type`, `target_id`, `details`, `log_time`, `before_value`, `after_value`, `reason`, `ip_address`) VALUES (3, 'admin', 'login', 'user', 1, '用户登录', '2026-05-11 07:59:20', NULL, NULL, NULL, NULL);
INSERT INTO `audit_logs` (`id`, `user`, `action`, `target_type`, `target_id`, `details`, `log_time`, `before_value`, `after_value`, `reason`, `ip_address`) VALUES (4, 'admin', 'create_device', 'device', 1, '新增设备 k001', '2026-05-11 07:59:47', NULL, NULL, NULL, NULL);
INSERT INTO `audit_logs` (`id`, `user`, `action`, `target_type`, `target_id`, `details`, `log_time`, `before_value`, `after_value`, `reason`, `ip_address`) VALUES (5, 'admin', 'create_device', 'device', 2, '新增设备 S001', '2026-05-11 08:00:40', NULL, NULL, NULL, NULL);
INSERT INTO `audit_logs` (`id`, `user`, `action`, `target_type`, `target_id`, `details`, `log_time`, `before_value`, `after_value`, `reason`, `ip_address`) VALUES (6, 'admin', 'logout', 'user', 1, '用户登出', '2026-05-11 08:06:23', NULL, NULL, NULL, NULL);
INSERT INTO `audit_logs` (`id`, `user`, `action`, `target_type`, `target_id`, `details`, `log_time`, `before_value`, `after_value`, `reason`, `ip_address`) VALUES (7, 'user', 'login', 'user', 2, '用户登录', '2026-05-11 08:06:33', NULL, NULL, NULL, NULL);
INSERT INTO `audit_logs` (`id`, `user`, `action`, `target_type`, `target_id`, `details`, `log_time`, `before_value`, `after_value`, `reason`, `ip_address`) VALUES (8, 'user', 'logout', 'user', 2, '用户登出', '2026-05-11 08:06:47', NULL, NULL, NULL, NULL);
INSERT INTO `audit_logs` (`id`, `user`, `action`, `target_type`, `target_id`, `details`, `log_time`, `before_value`, `after_value`, `reason`, `ip_address`) VALUES (9, 'admin', 'login', 'user', 1, '用户登录', '2026-05-11 08:06:50', NULL, NULL, NULL, NULL);
INSERT INTO `audit_logs` (`id`, `user`, `action`, `target_type`, `target_id`, `details`, `log_time`, `before_value`, `after_value`, `reason`, `ip_address`) VALUES (10, 'admin', 'toggle_device', 'device', 1, '设备状态改为 inactive', '2026-05-11 08:06:56', NULL, NULL, NULL, NULL);
INSERT INTO `audit_logs` (`id`, `user`, `action`, `target_type`, `target_id`, `details`, `log_time`, `before_value`, `after_value`, `reason`, `ip_address`) VALUES (11, 'admin', 'upload_document', 'document', 1, '上传 维护记录 v1.0', '2026-05-11 08:09:19', NULL, NULL, NULL, NULL);
INSERT INTO `audit_logs` (`id`, `user`, `action`, `target_type`, `target_id`, `details`, `log_time`, `before_value`, `after_value`, `reason`, `ip_address`) VALUES (12, 'admin', 'borrow_document', 'borrow', 1, '借阅 docx v1.0', '2026-05-11 08:09:31', NULL, NULL, NULL, NULL);
INSERT INTO `audit_logs` (`id`, `user`, `action`, `target_type`, `target_id`, `details`, `log_time`, `before_value`, `after_value`, `reason`, `ip_address`) VALUES (13, 'admin', 'download_document', 'document', 1, '下载 docx v1.0', '2026-05-11 08:09:39', NULL, NULL, NULL, NULL);
INSERT INTO `audit_logs` (`id`, `user`, `action`, `target_type`, `target_id`, `details`, `log_time`, `before_value`, `after_value`, `reason`, `ip_address`) VALUES (14, 'admin', 'return_document', 'borrow', 1, '归还文档', '2026-05-11 08:19:19', NULL, NULL, NULL, NULL);
INSERT INTO `audit_logs` (`id`, `user`, `action`, `target_type`, `target_id`, `details`, `log_time`, `before_value`, `after_value`, `reason`, `ip_address`) VALUES (15, 'admin', 'logout', 'user', 1, '用户登出', '2026-05-11 08:45:08', NULL, NULL, NULL, '127.0.0.1');
INSERT INTO `audit_logs` (`id`, `user`, `action`, `target_type`, `target_id`, `details`, `log_time`, `before_value`, `after_value`, `reason`, `ip_address`) VALUES (16, 'user', 'login', 'user', 2, '用户登录', '2026-05-11 08:45:11', NULL, NULL, NULL, '127.0.0.1');
INSERT INTO `audit_logs` (`id`, `user`, `action`, `target_type`, `target_id`, `details`, `log_time`, `before_value`, `after_value`, `reason`, `ip_address`) VALUES (17, 'user', 'submit_document', 'document', 1, '提交文档审批', '2026-05-11 08:45:21', '{"status": "draft"}', '{"status": "pending"}', NULL, '127.0.0.1');
INSERT INTO `audit_logs` (`id`, `user`, `action`, `target_type`, `target_id`, `details`, `log_time`, `before_value`, `after_value`, `reason`, `ip_address`) VALUES (18, 'user', 'logout', 'user', 2, '用户登出', '2026-05-11 08:46:06', NULL, NULL, NULL, '127.0.0.1');
INSERT INTO `audit_logs` (`id`, `user`, `action`, `target_type`, `target_id`, `details`, `log_time`, `before_value`, `after_value`, `reason`, `ip_address`) VALUES (19, 'admin', 'login', 'user', 1, '用户登录', '2026-05-11 08:46:09', NULL, NULL, NULL, '127.0.0.1');
INSERT INTO `audit_logs` (`id`, `user`, `action`, `target_type`, `target_id`, `details`, `log_time`, `before_value`, `after_value`, `reason`, `ip_address`) VALUES (20, 'admin', 'login', 'user', 1, '用户登录', '2026-05-11 09:14:59', NULL, NULL, NULL, '127.0.0.1');
INSERT INTO `audit_logs` (`id`, `user`, `action`, `target_type`, `target_id`, `details`, `log_time`, `before_value`, `after_value`, `reason`, `ip_address`) VALUES (21, 'admin', 'approve_document', 'document', 1, '审批通过', '2026-05-11 09:17:12', '{"status": "pending"}', '{"status": "active"}', NULL, '127.0.0.1');
INSERT INTO `audit_logs` (`id`, `user`, `action`, `target_type`, `target_id`, `details`, `log_time`, `before_value`, `after_value`, `reason`, `ip_address`) VALUES (22, 'admin', 'download_document', 'document', 1, '下载 docx v1.0', '2026-05-11 09:24:15', NULL, NULL, NULL, '127.0.0.1');
INSERT INTO `audit_logs` (`id`, `user`, `action`, `target_type`, `target_id`, `details`, `log_time`, `before_value`, `after_value`, `reason`, `ip_address`) VALUES (23, 'admin', 'delete_document', 'document', 1, '删除 docx v1.0', '2026-05-11 09:25:02', NULL, NULL, NULL, '127.0.0.1');
INSERT INTO `audit_logs` (`id`, `user`, `action`, `target_type`, `target_id`, `details`, `log_time`, `before_value`, `after_value`, `reason`, `ip_address`) VALUES (24, 'admin', 'upload_document', 'document', 2, '上传 设备履历表 v1.0', '2026-05-11 09:26:08', NULL, NULL, NULL, '127.0.0.1');
INSERT INTO `audit_logs` (`id`, `user`, `action`, `target_type`, `target_id`, `details`, `log_time`, `before_value`, `after_value`, `reason`, `ip_address`) VALUES (25, 'admin', 'submit_document', 'document', 2, '提交文档审批', '2026-05-11 09:26:20', '{"status": "draft"}', '{"status": "pending"}', NULL, '127.0.0.1');
INSERT INTO `audit_logs` (`id`, `user`, `action`, `target_type`, `target_id`, `details`, `log_time`, `before_value`, `after_value`, `reason`, `ip_address`) VALUES (26, 'admin', 'approve_document', 'document', 2, '审批通过', '2026-05-11 09:26:27', '{"status": "pending"}', '{"status": "active"}', NULL, '127.0.0.1');
INSERT INTO `audit_logs` (`id`, `user`, `action`, `target_type`, `target_id`, `details`, `log_time`, `before_value`, `after_value`, `reason`, `ip_address`) VALUES (27, 'admin', 'download_document', 'document', 2, '下载 SOP.doc v1.0', '2026-05-11 09:26:33', NULL, NULL, NULL, '127.0.0.1');
INSERT INTO `audit_logs` (`id`, `user`, `action`, `target_type`, `target_id`, `details`, `log_time`, `before_value`, `after_value`, `reason`, `ip_address`) VALUES (28, 'admin', 'upload_document', 'document', 3, '上传 设备履历表 v1.1', '2026-05-11 09:34:24', NULL, NULL, NULL, '127.0.0.1');
INSERT INTO `audit_logs` (`id`, `user`, `action`, `target_type`, `target_id`, `details`, `log_time`, `before_value`, `after_value`, `reason`, `ip_address`) VALUES (29, 'admin', 'borrow_document', 'borrow', 2, '借阅 SOP.doc v1.0', '2026-05-11 09:34:33', NULL, NULL, NULL, '127.0.0.1');
INSERT INTO `audit_logs` (`id`, `user`, `action`, `target_type`, `target_id`, `details`, `log_time`, `before_value`, `after_value`, `reason`, `ip_address`) VALUES (30, 'admin', 'logout', 'user', 1, '用户登出', '2026-05-11 09:35:06', NULL, NULL, NULL, '127.0.0.1');
INSERT INTO `audit_logs` (`id`, `user`, `action`, `target_type`, `target_id`, `details`, `log_time`, `before_value`, `after_value`, `reason`, `ip_address`) VALUES (31, 'user', 'login', 'user', 2, '用户登录', '2026-05-11 09:35:11', NULL, NULL, NULL, '127.0.0.1');
INSERT INTO `audit_logs` (`id`, `user`, `action`, `target_type`, `target_id`, `details`, `log_time`, `before_value`, `after_value`, `reason`, `ip_address`) VALUES (32, 'user', 'return_document', 'borrow', 2, '归还文档', '2026-05-11 09:35:30', NULL, NULL, NULL, '127.0.0.1');
INSERT INTO `audit_logs` (`id`, `user`, `action`, `target_type`, `target_id`, `details`, `log_time`, `before_value`, `after_value`, `reason`, `ip_address`) VALUES (33, 'user', 'borrow_document', 'borrow', 3, '借阅 SOP.doc v1.0', '2026-05-11 09:35:40', NULL, NULL, NULL, '127.0.0.1');
INSERT INTO `audit_logs` (`id`, `user`, `action`, `target_type`, `target_id`, `details`, `log_time`, `before_value`, `after_value`, `reason`, `ip_address`) VALUES (34, 'admin', 'submit_document', 'document', 3, '提交文档审批', '2026-05-11 09:36:13', '{"status": "draft"}', '{"status": "pending"}', NULL, '127.0.0.1');
INSERT INTO `audit_logs` (`id`, `user`, `action`, `target_type`, `target_id`, `details`, `log_time`, `before_value`, `after_value`, `reason`, `ip_address`) VALUES (35, 'admin', 'approve_document', 'document', 3, '审批通过', '2026-05-11 09:36:19', '{"status": "pending"}', '{"status": "active"}', NULL, '127.0.0.1');
INSERT INTO `audit_logs` (`id`, `user`, `action`, `target_type`, `target_id`, `details`, `log_time`, `before_value`, `after_value`, `reason`, `ip_address`) VALUES (36, 'user', 'return_document', 'borrow', 3, '归还文档', '2026-05-11 09:36:45', NULL, NULL, NULL, '127.0.0.1');
INSERT INTO `audit_logs` (`id`, `user`, `action`, `target_type`, `target_id`, `details`, `log_time`, `before_value`, `after_value`, `reason`, `ip_address`) VALUES (37, 'user', 'borrow_document', 'borrow', 4, '借阅 pdf v1.1', '2026-05-11 09:36:53', NULL, NULL, NULL, '127.0.0.1');
INSERT INTO `audit_logs` (`id`, `user`, `action`, `target_type`, `target_id`, `details`, `log_time`, `before_value`, `after_value`, `reason`, `ip_address`) VALUES (38, 'admin', 'login', 'user', 1, '用户登录', '2026-05-12 01:17:14', NULL, NULL, NULL, '127.0.0.1');
INSERT INTO `audit_logs` (`id`, `user`, `action`, `target_type`, `target_id`, `details`, `log_time`, `before_value`, `after_value`, `reason`, `ip_address`) VALUES (39, 'user', 'login', 'user', 2, '用户登录', '2026-05-12 01:17:26', NULL, NULL, NULL, '127.0.0.1');
INSERT INTO `audit_logs` (`id`, `user`, `action`, `target_type`, `target_id`, `details`, `log_time`, `before_value`, `after_value`, `reason`, `ip_address`) VALUES (40, 'user', 'return_document', 'borrow', 4, '归还文档', '2026-05-12 01:17:42', NULL, NULL, NULL, '127.0.0.1');
INSERT INTO `audit_logs` (`id`, `user`, `action`, `target_type`, `target_id`, `details`, `log_time`, `before_value`, `after_value`, `reason`, `ip_address`) VALUES (41, 'admin', 'create_user', 'user', 3, '创建用户 wtf (user)', '2026-05-12 01:18:27', NULL, NULL, NULL, '127.0.0.1');
INSERT INTO `audit_logs` (`id`, `user`, `action`, `target_type`, `target_id`, `details`, `log_time`, `before_value`, `after_value`, `reason`, `ip_address`) VALUES (42, 'user', 'logout', 'user', 2, '用户登出', '2026-05-12 01:18:35', NULL, NULL, NULL, '127.0.0.1');
INSERT INTO `audit_logs` (`id`, `user`, `action`, `target_type`, `target_id`, `details`, `log_time`, `before_value`, `after_value`, `reason`, `ip_address`) VALUES (43, 'wtf', 'login', 'user', 3, '用户登录', '2026-05-12 01:18:42', NULL, NULL, NULL, '127.0.0.1');
INSERT INTO `audit_logs` (`id`, `user`, `action`, `target_type`, `target_id`, `details`, `log_time`, `before_value`, `after_value`, `reason`, `ip_address`) VALUES (44, 'wtf', 'borrow_document', 'borrow', 5, '借阅 pdf v1.1', '2026-05-12 01:18:51', NULL, NULL, NULL, '127.0.0.1');
INSERT INTO `audit_logs` (`id`, `user`, `action`, `target_type`, `target_id`, `details`, `log_time`, `before_value`, `after_value`, `reason`, `ip_address`) VALUES (45, 'wtf', 'logout', 'user', 3, '用户登出', '2026-05-12 01:18:56', NULL, NULL, NULL, '127.0.0.1');
INSERT INTO `audit_logs` (`id`, `user`, `action`, `target_type`, `target_id`, `details`, `log_time`, `before_value`, `after_value`, `reason`, `ip_address`) VALUES (46, 'user', 'login', 'user', 2, '用户登录', '2026-05-12 01:18:59', NULL, NULL, NULL, '127.0.0.1');
INSERT INTO `audit_logs` (`id`, `user`, `action`, `target_type`, `target_id`, `details`, `log_time`, `before_value`, `after_value`, `reason`, `ip_address`) VALUES (47, 'admin', 'login', 'user', 1, '用户登录', '2026-05-12 01:41:42', NULL, NULL, NULL, '127.0.0.1');
INSERT INTO `audit_logs` (`id`, `user`, `action`, `target_type`, `target_id`, `details`, `log_time`, `before_value`, `after_value`, `reason`, `ip_address`) VALUES (48, 'admin', 'login', 'user', 1, '用户登录', '2026-05-12 03:21:25', NULL, NULL, NULL, '127.0.0.1');
INSERT INTO `audit_logs` (`id`, `user`, `action`, `target_type`, `target_id`, `details`, `log_time`, `before_value`, `after_value`, `reason`, `ip_address`) VALUES (49, 'admin', 'login', 'user', 1, '用户登录', '2026-05-12 03:21:35', NULL, NULL, NULL, '127.0.0.1');
INSERT INTO `audit_logs` (`id`, `user`, `action`, `target_type`, `target_id`, `details`, `log_time`, `before_value`, `after_value`, `reason`, `ip_address`) VALUES (50, 'admin', 'login', 'user', 1, '用户登录', '2026-05-12 03:24:33', NULL, NULL, NULL, '127.0.0.1');
INSERT INTO `audit_logs` (`id`, `user`, `action`, `target_type`, `target_id`, `details`, `log_time`, `before_value`, `after_value`, `reason`, `ip_address`) VALUES (51, 'admin', 'login', 'user', 1, '用户登录', '2026-05-12 03:24:54', NULL, NULL, NULL, '127.0.0.1');
INSERT INTO `audit_logs` (`id`, `user`, `action`, `target_type`, `target_id`, `details`, `log_time`, `before_value`, `after_value`, `reason`, `ip_address`) VALUES (52, 'admin', 'login', 'user', 1, '用户登录', '2026-05-12 03:25:49', NULL, NULL, NULL, '127.0.0.1');
INSERT INTO `audit_logs` (`id`, `user`, `action`, `target_type`, `target_id`, `details`, `log_time`, `before_value`, `after_value`, `reason`, `ip_address`) VALUES (53, 'admin', 'login', 'user', 1, '用户登录', '2026-05-12 03:34:50', NULL, NULL, NULL, '127.0.0.1');
INSERT INTO `audit_logs` (`id`, `user`, `action`, `target_type`, `target_id`, `details`, `log_time`, `before_value`, `after_value`, `reason`, `ip_address`) VALUES (54, 'admin', 'create_user', 'user', 4, '创建用户 test_qa_user (QA经理)', '2026-05-12 03:34:50', NULL, NULL, NULL, '127.0.0.1');
INSERT INTO `audit_logs` (`id`, `user`, `action`, `target_type`, `target_id`, `details`, `log_time`, `before_value`, `after_value`, `reason`, `ip_address`) VALUES (55, 'admin', 'login', 'user', 1, '用户登录', '2026-05-12 03:35:18', NULL, NULL, NULL, '127.0.0.1');
INSERT INTO `audit_logs` (`id`, `user`, `action`, `target_type`, `target_id`, `details`, `log_time`, `before_value`, `after_value`, `reason`, `ip_address`) VALUES (56, 'admin', 'logout', 'user', 1, '用户登出', '2026-05-12 03:35:18', NULL, NULL, NULL, '127.0.0.1');
INSERT INTO `audit_logs` (`id`, `user`, `action`, `target_type`, `target_id`, `details`, `log_time`, `before_value`, `after_value`, `reason`, `ip_address`) VALUES (57, 'test_qa_user', 'login', 'user', 4, '用户登录', '2026-05-12 03:35:19', NULL, NULL, NULL, '127.0.0.1');
INSERT INTO `audit_logs` (`id`, `user`, `action`, `target_type`, `target_id`, `details`, `log_time`, `before_value`, `after_value`, `reason`, `ip_address`) VALUES (58, 'test_qa_user', 'logout', 'user', 4, '用户登出', '2026-05-12 03:35:19', NULL, NULL, NULL, '127.0.0.1');
INSERT INTO `audit_logs` (`id`, `user`, `action`, `target_type`, `target_id`, `details`, `log_time`, `before_value`, `after_value`, `reason`, `ip_address`) VALUES (59, 'user', 'login', 'user', 2, '用户登录', '2026-05-12 03:35:19', NULL, NULL, NULL, '127.0.0.1');
INSERT INTO `audit_logs` (`id`, `user`, `action`, `target_type`, `target_id`, `details`, `log_time`, `before_value`, `after_value`, `reason`, `ip_address`) VALUES (60, 'admin', 'download_document', 'document', 3, '下载 pdf v1.1', '2026-05-12 04:21:05', NULL, NULL, NULL, '127.0.0.1');
INSERT INTO `audit_logs` (`id`, `user`, `action`, `target_type`, `target_id`, `details`, `log_time`, `before_value`, `after_value`, `reason`, `ip_address`) VALUES (61, 'admin', 'login', 'user', 1, '用户登录', '2026-05-12 06:33:36', NULL, NULL, NULL, '127.0.0.1');
INSERT INTO `audit_logs` (`id`, `user`, `action`, `target_type`, `target_id`, `details`, `log_time`, `before_value`, `after_value`, `reason`, `ip_address`) VALUES (62, 'admin', 'create_maintenance_plan', 'maintenance_plan', 1, '创建设备 1 的校准计划', '2026-05-12 06:33:36', NULL, NULL, NULL, '127.0.0.1');
INSERT INTO `audit_logs` (`id`, `user`, `action`, `target_type`, `target_id`, `details`, `log_time`, `before_value`, `after_value`, `reason`, `ip_address`) VALUES (63, 'admin', 'login', 'user', 1, '用户登录', '2026-05-12 06:34:23', NULL, NULL, NULL, '127.0.0.1');
INSERT INTO `audit_logs` (`id`, `user`, `action`, `target_type`, `target_id`, `details`, `log_time`, `before_value`, `after_value`, `reason`, `ip_address`) VALUES (64, 'admin', 'login', 'user', 1, '用户登录', '2026-05-12 06:34:45', NULL, NULL, NULL, '127.0.0.1');
INSERT INTO `audit_logs` (`id`, `user`, `action`, `target_type`, `target_id`, `details`, `log_time`, `before_value`, `after_value`, `reason`, `ip_address`) VALUES (65, 'admin', 'submit_maintenance_record', 'maintenance_record', 1, '提交设备 k001 的维护记录，结果：qualified', '2026-05-12 06:34:45', NULL, NULL, NULL, '127.0.0.1');
INSERT INTO `audit_logs` (`id`, `user`, `action`, `target_type`, `target_id`, `details`, `log_time`, `before_value`, `after_value`, `reason`, `ip_address`) VALUES (66, 'admin', 'submit_maintenance_record', 'maintenance_record', 2, '提交设备 k001 的维护记录，结果：unqualified', '2026-05-12 06:34:45', NULL, NULL, NULL, '127.0.0.1');
INSERT INTO `audit_logs` (`id`, `user`, `action`, `target_type`, `target_id`, `details`, `log_time`, `before_value`, `after_value`, `reason`, `ip_address`) VALUES (67, 'admin', 'delete_maintenance_plan', 'maintenance_plan', 1, '删除维护计划（软删除）', '2026-05-12 06:34:45', NULL, NULL, NULL, '127.0.0.1');
INSERT INTO `audit_logs` (`id`, `user`, `action`, `target_type`, `target_id`, `details`, `log_time`, `before_value`, `after_value`, `reason`, `ip_address`) VALUES (68, 'admin', 'login', 'user', 1, '用户登录', '2026-05-12 06:44:23', NULL, NULL, NULL, '127.0.0.1');
INSERT INTO `audit_logs` (`id`, `user`, `action`, `target_type`, `target_id`, `details`, `log_time`, `before_value`, `after_value`, `reason`, `ip_address`) VALUES (69, 'admin', 'login', 'user', 1, '用户登录', '2026-05-12 08:07:41', NULL, NULL, NULL, '127.0.0.1');
INSERT INTO `audit_logs` (`id`, `user`, `action`, `target_type`, `target_id`, `details`, `log_time`, `before_value`, `after_value`, `reason`, `ip_address`) VALUES (70, 'admin', 'toggle_device', 'device', 2, '设备状态改为 inactive', '2026-05-12 08:07:48', NULL, NULL, NULL, '127.0.0.1');
INSERT INTO `audit_logs` (`id`, `user`, `action`, `target_type`, `target_id`, `details`, `log_time`, `before_value`, `after_value`, `reason`, `ip_address`) VALUES (71, 'admin', 'toggle_device', 'device', 2, '设备状态改为 active', '2026-05-12 08:07:55', NULL, NULL, NULL, '127.0.0.1');
INSERT INTO `audit_logs` (`id`, `user`, `action`, `target_type`, `target_id`, `details`, `log_time`, `before_value`, `after_value`, `reason`, `ip_address`) VALUES (72, 'admin', 'toggle_device', 'device', 2, '设备状态改为 inactive', '2026-05-12 08:07:57', NULL, NULL, NULL, '127.0.0.1');
INSERT INTO `audit_logs` (`id`, `user`, `action`, `target_type`, `target_id`, `details`, `log_time`, `before_value`, `after_value`, `reason`, `ip_address`) VALUES (73, 'admin', 'toggle_device', 'device', 1, '设备状态改为 active', '2026-05-12 08:07:59', NULL, NULL, NULL, '127.0.0.1');
INSERT INTO `audit_logs` (`id`, `user`, `action`, `target_type`, `target_id`, `details`, `log_time`, `before_value`, `after_value`, `reason`, `ip_address`) VALUES (74, 'admin', 'toggle_device', 'device', 2, '设备状态改为 active', '2026-05-12 08:08:02', NULL, NULL, NULL, '127.0.0.1');
INSERT INTO `audit_logs` (`id`, `user`, `action`, `target_type`, `target_id`, `details`, `log_time`, `before_value`, `after_value`, `reason`, `ip_address`) VALUES (75, 'admin', 'create_maintenance_plan', 'maintenance_plan', 2, '创建设备 2 的保养计划', '2026-05-12 08:16:00', NULL, NULL, NULL, '127.0.0.1');
INSERT INTO `audit_logs` (`id`, `user`, `action`, `target_type`, `target_id`, `details`, `log_time`, `before_value`, `after_value`, `reason`, `ip_address`) VALUES (76, 'admin', 'submit_maintenance_record', 'maintenance_record', 3, '提交设备 S001 的维护记录，结果：qualified', '2026-05-12 08:16:34', NULL, NULL, NULL, '127.0.0.1');
INSERT INTO `audit_logs` (`id`, `user`, `action`, `target_type`, `target_id`, `details`, `log_time`, `before_value`, `after_value`, `reason`, `ip_address`) VALUES (77, 'admin', 'login', 'user', 1, '用户登录', '2026-05-12 08:18:40', NULL, NULL, NULL, '127.0.0.1');
INSERT INTO `audit_logs` (`id`, `user`, `action`, `target_type`, `target_id`, `details`, `log_time`, `before_value`, `after_value`, `reason`, `ip_address`) VALUES (78, 'admin', 'login', 'user', 1, '用户登录', '2026-05-12 08:25:41', NULL, NULL, NULL, '127.0.0.1');
INSERT INTO `audit_logs` (`id`, `user`, `action`, `target_type`, `target_id`, `details`, `log_time`, `before_value`, `after_value`, `reason`, `ip_address`) VALUES (79, 'admin', 'logout', 'user', 1, '用户登出', '2026-05-12 08:52:20', NULL, NULL, NULL, '127.0.0.1');
INSERT INTO `audit_logs` (`id`, `user`, `action`, `target_type`, `target_id`, `details`, `log_time`, `before_value`, `after_value`, `reason`, `ip_address`) VALUES (80, 'admin', 'login', 'user', 1, '用户登录', '2026-05-12 08:52:22', NULL, NULL, NULL, '127.0.0.1');
INSERT INTO `audit_logs` (`id`, `user`, `action`, `target_type`, `target_id`, `details`, `log_time`, `before_value`, `after_value`, `reason`, `ip_address`) VALUES (81, 'admin', 'submit_maintenance_record', 'maintenance_record', 4, '提交设备 S001 的维护记录，结果：qualified', '2026-05-12 09:40:01', NULL, NULL, NULL, '127.0.0.1');
INSERT INTO `audit_logs` (`id`, `user`, `action`, `target_type`, `target_id`, `details`, `log_time`, `before_value`, `after_value`, `reason`, `ip_address`) VALUES (82, 'admin', 'submit_maintenance_record', 'maintenance_record', 5, '提交设备 S001 的维护记录，结果：qualified', '2026-05-12 09:40:32', NULL, NULL, NULL, '127.0.0.1');
INSERT INTO `audit_logs` (`id`, `user`, `action`, `target_type`, `target_id`, `details`, `log_time`, `before_value`, `after_value`, `reason`, `ip_address`) VALUES (83, 'admin', 'create_maintenance_plan', 'maintenance_plan', 3, '创建设备 2 的巡检计划', '2026-05-12 09:50:29', NULL, NULL, NULL, '127.0.0.1');
INSERT INTO `audit_logs` (`id`, `user`, `action`, `target_type`, `target_id`, `details`, `log_time`, `before_value`, `after_value`, `reason`, `ip_address`) VALUES (84, 'admin', 'delete_maintenance_record', 'maintenance_record', 5, '删除设备 2 的维护记录：东莞电饭锅（结果：qualified）', '2026-05-12 09:57:30', NULL, NULL, NULL, '127.0.0.1');
INSERT INTO `audit_logs` (`id`, `user`, `action`, `target_type`, `target_id`, `details`, `log_time`, `before_value`, `after_value`, `reason`, `ip_address`) VALUES (85, 'admin', 'login', 'user', 1, '用户登录', '2026-05-13 01:24:22', NULL, NULL, NULL, '127.0.0.1');
INSERT INTO `audit_logs` (`id`, `user`, `action`, `target_type`, `target_id`, `details`, `log_time`, `before_value`, `after_value`, `reason`, `ip_address`) VALUES (86, 'admin', 'logout', 'user', 1, '用户登出', '2026-05-13 01:27:54', NULL, NULL, NULL, '127.0.0.1');
INSERT INTO `audit_logs` (`id`, `user`, `action`, `target_type`, `target_id`, `details`, `log_time`, `before_value`, `after_value`, `reason`, `ip_address`) VALUES (87, 'admin', 'login', 'user', 1, '用户登录', '2026-05-13 01:37:42', NULL, NULL, NULL, '127.0.0.1');
INSERT INTO `audit_logs` (`id`, `user`, `action`, `target_type`, `target_id`, `details`, `log_time`, `before_value`, `after_value`, `reason`, `ip_address`) VALUES (88, 'admin', 'upload_document', 'document', 4, '上传 设备履历表 v1.2', '2026-05-13 01:44:51', NULL, NULL, NULL, '127.0.0.1');
INSERT INTO `audit_logs` (`id`, `user`, `action`, `target_type`, `target_id`, `details`, `log_time`, `before_value`, `after_value`, `reason`, `ip_address`) VALUES (89, 'admin', 'submit_document', 'document', 4, '提交文档审批', '2026-05-13 01:45:24', '{"status": "draft"}', '{"status": "pending"}', NULL, '127.0.0.1');
INSERT INTO `audit_logs` (`id`, `user`, `action`, `target_type`, `target_id`, `details`, `log_time`, `before_value`, `after_value`, `reason`, `ip_address`) VALUES (90, 'admin', 'upload_document', 'document', 5, '上传 图纸 v1.0', '2026-05-13 01:48:54', NULL, NULL, NULL, '127.0.0.1');
INSERT INTO `audit_logs` (`id`, `user`, `action`, `target_type`, `target_id`, `details`, `log_time`, `before_value`, `after_value`, `reason`, `ip_address`) VALUES (91, 'admin', 'submit_document', 'document', 5, '提交文档审批', '2026-05-13 01:49:24', '{"status": "draft"}', '{"status": "pending"}', NULL, '127.0.0.1');
INSERT INTO `audit_logs` (`id`, `user`, `action`, `target_type`, `target_id`, `details`, `log_time`, `before_value`, `after_value`, `reason`, `ip_address`) VALUES (92, 'admin', 'upload_document', 'document', 6, '上传 维护记录 v1.0', '2026-05-13 02:01:57', NULL, NULL, NULL, '127.0.0.1');
INSERT INTO `audit_logs` (`id`, `user`, `action`, `target_type`, `target_id`, `details`, `log_time`, `before_value`, `after_value`, `reason`, `ip_address`) VALUES (93, 'admin', 'submit_document', 'document', 6, '提交文档审批', '2026-05-13 02:02:09', '{"status": "draft"}', '{"status": "pending"}', NULL, '127.0.0.1');
INSERT INTO `audit_logs` (`id`, `user`, `action`, `target_type`, `target_id`, `details`, `log_time`, `before_value`, `after_value`, `reason`, `ip_address`) VALUES (94, 'admin', 'login', 'user', 1, '用户登录', '2026-05-13 02:48:26', NULL, NULL, NULL, '127.0.0.1');
INSERT INTO `audit_logs` (`id`, `user`, `action`, `target_type`, `target_id`, `details`, `log_time`, `before_value`, `after_value`, `reason`, `ip_address`) VALUES (95, 'admin', 'login', 'user', 1, '用户登录', '2026-05-13 03:07:10', NULL, NULL, NULL, '127.0.0.1');
INSERT INTO `audit_logs` (`id`, `user`, `action`, `target_type`, `target_id`, `details`, `log_time`, `before_value`, `after_value`, `reason`, `ip_address`) VALUES (96, 'admin', 'login', 'user', 1, '用户登录', '2026-05-13 04:49:07', NULL, NULL, NULL, '127.0.0.1');
INSERT INTO `audit_logs` (`id`, `user`, `action`, `target_type`, `target_id`, `details`, `log_time`, `before_value`, `after_value`, `reason`, `ip_address`) VALUES (97, 'admin', 'login', 'user', 1, '用户登录', '2026-05-13 05:31:00', NULL, NULL, NULL, '127.0.0.1');
INSERT INTO `audit_logs` (`id`, `user`, `action`, `target_type`, `target_id`, `details`, `log_time`, `before_value`, `after_value`, `reason`, `ip_address`) VALUES (98, 'admin', 'logout', 'user', 1, '用户登出', '2026-05-13 05:36:39', NULL, NULL, NULL, '127.0.0.1');
INSERT INTO `audit_logs` (`id`, `user`, `action`, `target_type`, `target_id`, `details`, `log_time`, `before_value`, `after_value`, `reason`, `ip_address`) VALUES (99, 'admin', 'login', 'user', 1, '用户登录', '2026-05-13 05:36:41', NULL, NULL, NULL, '127.0.0.1');
INSERT INTO `audit_logs` (`id`, `user`, `action`, `target_type`, `target_id`, `details`, `log_time`, `before_value`, `after_value`, `reason`, `ip_address`) VALUES (100, 'admin', 'logout', 'user', 1, '用户登出', '2026-05-13 05:36:51', NULL, NULL, NULL, '127.0.0.1');
INSERT INTO `audit_logs` (`id`, `user`, `action`, `target_type`, `target_id`, `details`, `log_time`, `before_value`, `after_value`, `reason`, `ip_address`) VALUES (101, 'admin', 'login', 'user', 1, '用户登录', '2026-05-13 05:36:53', NULL, NULL, NULL, '127.0.0.1');
INSERT INTO `audit_logs` (`id`, `user`, `action`, `target_type`, `target_id`, `details`, `log_time`, `before_value`, `after_value`, `reason`, `ip_address`) VALUES (102, 'admin', 'login', 'user', 1, '用户登录', '2026-05-13 05:39:10', NULL, NULL, NULL, '127.0.0.1');
INSERT INTO `audit_logs` (`id`, `user`, `action`, `target_type`, `target_id`, `details`, `log_time`, `before_value`, `after_value`, `reason`, `ip_address`) VALUES (103, 'admin', 'login', 'user', 1, '用户登录', '2026-05-13 05:41:56', NULL, NULL, NULL, '127.0.0.1');
INSERT INTO `audit_logs` (`id`, `user`, `action`, `target_type`, `target_id`, `details`, `log_time`, `before_value`, `after_value`, `reason`, `ip_address`) VALUES (104, 'admin', 'logout', 'user', 1, '用户登出', '2026-05-13 05:45:11', NULL, NULL, NULL, '127.0.0.1');
INSERT INTO `audit_logs` (`id`, `user`, `action`, `target_type`, `target_id`, `details`, `log_time`, `before_value`, `after_value`, `reason`, `ip_address`) VALUES (105, 'admin', 'login', 'user', 1, '用户登录', '2026-05-13 05:45:12', NULL, NULL, NULL, '127.0.0.1');
INSERT INTO `audit_logs` (`id`, `user`, `action`, `target_type`, `target_id`, `details`, `log_time`, `before_value`, `after_value`, `reason`, `ip_address`) VALUES (106, 'admin', 'logout', 'user', 1, '用户登出', '2026-05-13 05:45:47', NULL, NULL, NULL, '127.0.0.1');
INSERT INTO `audit_logs` (`id`, `user`, `action`, `target_type`, `target_id`, `details`, `log_time`, `before_value`, `after_value`, `reason`, `ip_address`) VALUES (107, 'admin', 'logout', 'user', 1, '用户登出', '2026-05-13 05:46:07', NULL, NULL, NULL, '127.0.0.1');
INSERT INTO `audit_logs` (`id`, `user`, `action`, `target_type`, `target_id`, `details`, `log_time`, `before_value`, `after_value`, `reason`, `ip_address`) VALUES (108, 'admin', 'login', 'user', 1, '用户登录', '2026-05-13 05:46:11', NULL, NULL, NULL, '127.0.0.1');
INSERT INTO `audit_logs` (`id`, `user`, `action`, `target_type`, `target_id`, `details`, `log_time`, `before_value`, `after_value`, `reason`, `ip_address`) VALUES (109, 'admin', 'logout', 'user', 1, '用户登出', '2026-05-13 05:55:35', NULL, NULL, NULL, '127.0.0.1');
INSERT INTO `audit_logs` (`id`, `user`, `action`, `target_type`, `target_id`, `details`, `log_time`, `before_value`, `after_value`, `reason`, `ip_address`) VALUES (110, 'admin', 'login', 'user', 1, '用户登录', '2026-05-13 05:55:37', NULL, NULL, NULL, '127.0.0.1');
INSERT INTO `audit_logs` (`id`, `user`, `action`, `target_type`, `target_id`, `details`, `log_time`, `before_value`, `after_value`, `reason`, `ip_address`) VALUES (111, 'admin', 'login', 'user', 1, '用户登录', '2026-05-13 06:07:48', NULL, NULL, NULL, '127.0.0.1');
INSERT INTO `audit_logs` (`id`, `user`, `action`, `target_type`, `target_id`, `details`, `log_time`, `before_value`, `after_value`, `reason`, `ip_address`) VALUES (112, 'admin', 'login', 'user', 1, '用户登录', '2026-05-13 06:08:07', NULL, NULL, NULL, '127.0.0.1');
INSERT INTO `audit_logs` (`id`, `user`, `action`, `target_type`, `target_id`, `details`, `log_time`, `before_value`, `after_value`, `reason`, `ip_address`) VALUES (113, 'admin', 'logout', 'user', 1, '用户登出', '2026-05-13 06:39:24', NULL, NULL, NULL, '127.0.0.1');
INSERT INTO `audit_logs` (`id`, `user`, `action`, `target_type`, `target_id`, `details`, `log_time`, `before_value`, `after_value`, `reason`, `ip_address`) VALUES (114, 'admin', 'logout', 'user', 1, '用户登出', '2026-05-13 07:00:14', NULL, NULL, NULL, '127.0.0.1');
INSERT INTO `audit_logs` (`id`, `user`, `action`, `target_type`, `target_id`, `details`, `log_time`, `before_value`, `after_value`, `reason`, `ip_address`) VALUES (115, 'user', 'login', 'user', 2, '用户登录', '2026-05-13 07:00:23', NULL, NULL, NULL, '127.0.0.1');
INSERT INTO `audit_logs` (`id`, `user`, `action`, `target_type`, `target_id`, `details`, `log_time`, `before_value`, `after_value`, `reason`, `ip_address`) VALUES (116, 'user', 'logout', 'user', 2, '用户登出', '2026-05-13 07:00:26', NULL, NULL, NULL, '127.0.0.1');
INSERT INTO `audit_logs` (`id`, `user`, `action`, `target_type`, `target_id`, `details`, `log_time`, `before_value`, `after_value`, `reason`, `ip_address`) VALUES (117, 'admin', 'login', 'user', 1, '用户登录', '2026-05-13 07:00:42', NULL, NULL, NULL, '127.0.0.1');
INSERT INTO `audit_logs` (`id`, `user`, `action`, `target_type`, `target_id`, `details`, `log_time`, `before_value`, `after_value`, `reason`, `ip_address`) VALUES (118, 'admin', 'update_setting', 'setting', NULL, '修改设置: approval_enabled = false', '2026-05-13 07:37:08', NULL, NULL, NULL, '127.0.0.1');
INSERT INTO `audit_logs` (`id`, `user`, `action`, `target_type`, `target_id`, `details`, `log_time`, `before_value`, `after_value`, `reason`, `ip_address`) VALUES (119, 'admin', 'update_setting', 'setting', NULL, '修改设置: auto_approve_document = false', '2026-05-13 07:37:08', NULL, NULL, NULL, '127.0.0.1');
INSERT INTO `audit_logs` (`id`, `user`, `action`, `target_type`, `target_id`, `details`, `log_time`, `before_value`, `after_value`, `reason`, `ip_address`) VALUES (120, 'admin', 'upload_document', 'document', 7, '上传 设备履历表 v1.3', '2026-05-13 07:37:32', NULL, NULL, NULL, '127.0.0.1');
INSERT INTO `audit_logs` (`id`, `user`, `action`, `target_type`, `target_id`, `details`, `log_time`, `before_value`, `after_value`, `reason`, `ip_address`) VALUES (121, 'admin', 'upload_document', 'document', 8, '上传 URS v1.0', '2026-05-13 07:40:24', NULL, NULL, NULL, '127.0.0.1');
INSERT INTO `audit_logs` (`id`, `user`, `action`, `target_type`, `target_id`, `details`, `log_time`, `before_value`, `after_value`, `reason`, `ip_address`) VALUES (122, 'admin', 'toggle_device', 'device', 2, '设备状态改为 inactive', '2026-05-13 07:46:15', NULL, NULL, NULL, '127.0.0.1');
INSERT INTO `audit_logs` (`id`, `user`, `action`, `target_type`, `target_id`, `details`, `log_time`, `before_value`, `after_value`, `reason`, `ip_address`) VALUES (123, 'admin', 'toggle_device', 'device', 2, '设备状态改为 active', '2026-05-13 07:46:20', NULL, NULL, NULL, '127.0.0.1');
INSERT INTO `audit_logs` (`id`, `user`, `action`, `target_type`, `target_id`, `details`, `log_time`, `before_value`, `after_value`, `reason`, `ip_address`) VALUES (124, 'admin', 'update_setting', 'setting', NULL, '修改设置: approval_enabled = true', '2026-05-13 07:46:24', NULL, NULL, NULL, '127.0.0.1');
INSERT INTO `audit_logs` (`id`, `user`, `action`, `target_type`, `target_id`, `details`, `log_time`, `before_value`, `after_value`, `reason`, `ip_address`) VALUES (125, 'admin', 'update_setting', 'setting', NULL, '修改设置: auto_approve_document = false', '2026-05-13 07:46:24', NULL, NULL, NULL, '127.0.0.1');
INSERT INTO `audit_logs` (`id`, `user`, `action`, `target_type`, `target_id`, `details`, `log_time`, `before_value`, `after_value`, `reason`, `ip_address`) VALUES (126, 'admin', 'toggle_device', 'device', 2, '设备状态改为 inactive', '2026-05-13 07:46:30', NULL, NULL, NULL, '127.0.0.1');
INSERT INTO `audit_logs` (`id`, `user`, `action`, `target_type`, `target_id`, `details`, `log_time`, `before_value`, `after_value`, `reason`, `ip_address`) VALUES (127, 'admin', 'toggle_device', 'device', 2, '设备状态改为 active', '2026-05-13 07:46:33', NULL, NULL, NULL, '127.0.0.1');
INSERT INTO `audit_logs` (`id`, `user`, `action`, `target_type`, `target_id`, `details`, `log_time`, `before_value`, `after_value`, `reason`, `ip_address`) VALUES (128, 'admin', 'toggle_device', 'device', 2, '设备状态改为 inactive', '2026-05-13 07:56:06', NULL, NULL, NULL, '127.0.0.1');
INSERT INTO `audit_logs` (`id`, `user`, `action`, `target_type`, `target_id`, `details`, `log_time`, `before_value`, `after_value`, `reason`, `ip_address`) VALUES (129, 'admin', 'toggle_device', 'device', 1, '设备状态改为 inactive', '2026-05-13 07:56:09', NULL, NULL, NULL, '127.0.0.1');
INSERT INTO `audit_logs` (`id`, `user`, `action`, `target_type`, `target_id`, `details`, `log_time`, `before_value`, `after_value`, `reason`, `ip_address`) VALUES (130, 'admin', 'toggle_device', 'device', 2, '设备状态改为 active', '2026-05-13 07:56:12', NULL, NULL, NULL, '127.0.0.1');
INSERT INTO `audit_logs` (`id`, `user`, `action`, `target_type`, `target_id`, `details`, `log_time`, `before_value`, `after_value`, `reason`, `ip_address`) VALUES (131, 'admin', 'toggle_device', 'device', 2, '设备状态改为 inactive', '2026-05-13 07:56:18', NULL, NULL, NULL, '127.0.0.1');
INSERT INTO `audit_logs` (`id`, `user`, `action`, `target_type`, `target_id`, `details`, `log_time`, `before_value`, `after_value`, `reason`, `ip_address`) VALUES (132, 'admin', 'toggle_device', 'device', 2, '设备状态改为 active', '2026-05-13 07:56:23', NULL, NULL, NULL, '127.0.0.1');
INSERT INTO `audit_logs` (`id`, `user`, `action`, `target_type`, `target_id`, `details`, `log_time`, `before_value`, `after_value`, `reason`, `ip_address`) VALUES (133, 'admin', 'toggle_device', 'device', 2, '设备状态改为 inactive', '2026-05-13 07:56:26', NULL, NULL, NULL, '127.0.0.1');
INSERT INTO `audit_logs` (`id`, `user`, `action`, `target_type`, `target_id`, `details`, `log_time`, `before_value`, `after_value`, `reason`, `ip_address`) VALUES (134, 'admin', 'toggle_device', 'device', 2, '设备状态改为 active', '2026-05-13 07:56:35', NULL, NULL, NULL, '127.0.0.1');
INSERT INTO `audit_logs` (`id`, `user`, `action`, `target_type`, `target_id`, `details`, `log_time`, `before_value`, `after_value`, `reason`, `ip_address`) VALUES (135, 'admin', 'toggle_device', 'device', 1, '设备状态改为 active', '2026-05-13 07:56:42', NULL, NULL, NULL, '127.0.0.1');
INSERT INTO `audit_logs` (`id`, `user`, `action`, `target_type`, `target_id`, `details`, `log_time`, `before_value`, `after_value`, `reason`, `ip_address`) VALUES (136, 'admin', 'request_device_status_change', 'device', 2, '申请将设备 S001 状态更改为 retired', '2026-05-13 08:00:29', '{"status": "active"}', '{"requested_status": "retired"}', 'dsdfsdfsd', '127.0.0.1');
INSERT INTO `audit_logs` (`id`, `user`, `action`, `target_type`, `target_id`, `details`, `log_time`, `before_value`, `after_value`, `reason`, `ip_address`) VALUES (137, 'admin', 'approve_document', 'document', 4, '审批通过', '2026-05-13 08:13:47', '{"status": "pending"}', '{"status": "active"}', NULL, '127.0.0.1');
INSERT INTO `audit_logs` (`id`, `user`, `action`, `target_type`, `target_id`, `details`, `log_time`, `before_value`, `after_value`, `reason`, `ip_address`) VALUES (138, 'admin', 'approve_document', 'document', 5, '审批通过', '2026-05-13 08:13:51', '{"status": "pending"}', '{"status": "active"}', NULL, '127.0.0.1');
INSERT INTO `audit_logs` (`id`, `user`, `action`, `target_type`, `target_id`, `details`, `log_time`, `before_value`, `after_value`, `reason`, `ip_address`) VALUES (139, 'admin', 'approve_document', 'document', 6, '审批通过', '2026-05-13 08:13:52', '{"status": "pending"}', '{"status": "active"}', NULL, '127.0.0.1');
INSERT INTO `audit_logs` (`id`, `user`, `action`, `target_type`, `target_id`, `details`, `log_time`, `before_value`, `after_value`, `reason`, `ip_address`) VALUES (140, 'admin', 'approve_device_status_change', 'device', 2, '批准设备状态变更为 retired', '2026-05-13 08:17:01', NULL, '{"status": "retired"}', NULL, '127.0.0.1');
INSERT INTO `audit_logs` (`id`, `user`, `action`, `target_type`, `target_id`, `details`, `log_time`, `before_value`, `after_value`, `reason`, `ip_address`) VALUES (141, 'admin', 'approve_device_status_change', 'device', 2, '批准设备状态变更为 retired', '2026-05-13 08:17:07', NULL, '{"status": "retired"}', '顶顶顶顶', '127.0.0.1');
INSERT INTO `audit_logs` (`id`, `user`, `action`, `target_type`, `target_id`, `details`, `log_time`, `before_value`, `after_value`, `reason`, `ip_address`) VALUES (142, 'admin', 'upload_document', 'document', 9, '上传 设备履历表 v1.0', '2026-05-13 08:18:41', NULL, NULL, NULL, '127.0.0.1');
INSERT INTO `audit_logs` (`id`, `user`, `action`, `target_type`, `target_id`, `details`, `log_time`, `before_value`, `after_value`, `reason`, `ip_address`) VALUES (143, 'admin', 'change_device_status', 'device', 2, '将设备 S001 状态更新为 active', '2026-05-13 08:20:03', '{"status": "retired"}', '{"status": "active"}', '法国灌灌灌灌', '127.0.0.1');
INSERT INTO `audit_logs` (`id`, `user`, `action`, `target_type`, `target_id`, `details`, `log_time`, `before_value`, `after_value`, `reason`, `ip_address`) VALUES (144, 'admin', 'update_setting', 'setting', NULL, '修改设置: approval_enabled = true', '2026-05-13 08:20:17', NULL, NULL, NULL, '127.0.0.1');
INSERT INTO `audit_logs` (`id`, `user`, `action`, `target_type`, `target_id`, `details`, `log_time`, `before_value`, `after_value`, `reason`, `ip_address`) VALUES (145, 'admin', 'update_setting', 'setting', NULL, '修改设置: auto_approve_document = true', '2026-05-13 08:20:17', NULL, NULL, NULL, '127.0.0.1');
INSERT INTO `audit_logs` (`id`, `user`, `action`, `target_type`, `target_id`, `details`, `log_time`, `before_value`, `after_value`, `reason`, `ip_address`) VALUES (146, 'admin', 'upload_document', 'document', 10, '上传 URS v1.1', '2026-05-13 08:20:32', NULL, NULL, NULL, '127.0.0.1');
INSERT INTO `audit_logs` (`id`, `user`, `action`, `target_type`, `target_id`, `details`, `log_time`, `before_value`, `after_value`, `reason`, `ip_address`) VALUES (147, 'admin', 'update_setting', 'setting', NULL, '修改设置: approval_enabled = true', '2026-05-13 08:20:42', NULL, NULL, NULL, '127.0.0.1');
INSERT INTO `audit_logs` (`id`, `user`, `action`, `target_type`, `target_id`, `details`, `log_time`, `before_value`, `after_value`, `reason`, `ip_address`) VALUES (148, 'admin', 'update_setting', 'setting', NULL, '修改设置: auto_approve_document = false', '2026-05-13 08:20:42', NULL, NULL, NULL, '127.0.0.1');
INSERT INTO `audit_logs` (`id`, `user`, `action`, `target_type`, `target_id`, `details`, `log_time`, `before_value`, `after_value`, `reason`, `ip_address`) VALUES (149, 'admin', 'upload_document', 'document', 11, '上传 维护记录 v1.0', '2026-05-13 08:20:58', NULL, NULL, NULL, '127.0.0.1');
INSERT INTO `audit_logs` (`id`, `user`, `action`, `target_type`, `target_id`, `details`, `log_time`, `before_value`, `after_value`, `reason`, `ip_address`) VALUES (150, 'admin', 'update_setting', 'setting', NULL, '修改设置: approval_enabled = false', '2026-05-13 08:21:08', NULL, NULL, NULL, '127.0.0.1');
INSERT INTO `audit_logs` (`id`, `user`, `action`, `target_type`, `target_id`, `details`, `log_time`, `before_value`, `after_value`, `reason`, `ip_address`) VALUES (151, 'admin', 'update_setting', 'setting', NULL, '修改设置: auto_approve_document = false', '2026-05-13 08:21:09', NULL, NULL, NULL, '127.0.0.1');
INSERT INTO `audit_logs` (`id`, `user`, `action`, `target_type`, `target_id`, `details`, `log_time`, `before_value`, `after_value`, `reason`, `ip_address`) VALUES (152, 'admin', 'update_setting', 'setting', NULL, '修改设置: approval_enabled = true', '2026-05-13 08:21:19', NULL, NULL, NULL, '127.0.0.1');
INSERT INTO `audit_logs` (`id`, `user`, `action`, `target_type`, `target_id`, `details`, `log_time`, `before_value`, `after_value`, `reason`, `ip_address`) VALUES (153, 'admin', 'update_setting', 'setting', NULL, '修改设置: auto_approve_document = false', '2026-05-13 08:21:19', NULL, NULL, NULL, '127.0.0.1');
INSERT INTO `audit_logs` (`id`, `user`, `action`, `target_type`, `target_id`, `details`, `log_time`, `before_value`, `after_value`, `reason`, `ip_address`) VALUES (154, 'admin', 'upload_document', 'document', 12, '上传 IQ报告 v1.0', '2026-05-13 08:21:43', NULL, NULL, NULL, '127.0.0.1');
INSERT INTO `audit_logs` (`id`, `user`, `action`, `target_type`, `target_id`, `details`, `log_time`, `before_value`, `after_value`, `reason`, `ip_address`) VALUES (155, 'admin', 'submit_document', 'document', 12, '提交文档审批', '2026-05-13 08:22:13', '{"status": "draft"}', '{"status": "pending"}', NULL, '127.0.0.1');
INSERT INTO `audit_logs` (`id`, `user`, `action`, `target_type`, `target_id`, `details`, `log_time`, `before_value`, `after_value`, `reason`, `ip_address`) VALUES (156, 'admin', 'create_user', 'user', 5, '创建用户 user2 (设备工程师)', '2026-05-13 08:36:07', NULL, NULL, NULL, '127.0.0.1');
INSERT INTO `audit_logs` (`id`, `user`, `action`, `target_type`, `target_id`, `details`, `log_time`, `before_value`, `after_value`, `reason`, `ip_address`) VALUES (157, 'admin', 'logout', 'user', 1, '用户登出', '2026-05-13 08:36:12', NULL, NULL, NULL, '127.0.0.1');
INSERT INTO `audit_logs` (`id`, `user`, `action`, `target_type`, `target_id`, `details`, `log_time`, `before_value`, `after_value`, `reason`, `ip_address`) VALUES (158, 'user2', 'login', 'user', 5, '用户登录', '2026-05-13 08:36:19', NULL, NULL, NULL, '127.0.0.1');
INSERT INTO `audit_logs` (`id`, `user`, `action`, `target_type`, `target_id`, `details`, `log_time`, `before_value`, `after_value`, `reason`, `ip_address`) VALUES (159, 'user2', 'create_device', 'device', 3, '新增设备 ddd', '2026-05-13 08:36:57', NULL, NULL, NULL, '127.0.0.1');
INSERT INTO `audit_logs` (`id`, `user`, `action`, `target_type`, `target_id`, `details`, `log_time`, `before_value`, `after_value`, `reason`, `ip_address`) VALUES (160, 'user2', 'logout', 'user', 5, '用户登出', '2026-05-13 08:37:17', NULL, NULL, NULL, '127.0.0.1');
INSERT INTO `audit_logs` (`id`, `user`, `action`, `target_type`, `target_id`, `details`, `log_time`, `before_value`, `after_value`, `reason`, `ip_address`) VALUES (161, 'admin', 'login', 'user', 1, '用户登录', '2026-05-13 08:37:30', NULL, NULL, NULL, '127.0.0.1');
INSERT INTO `audit_logs` (`id`, `user`, `action`, `target_type`, `target_id`, `details`, `log_time`, `before_value`, `after_value`, `reason`, `ip_address`) VALUES (162, 'admin', 'logout', 'user', 1, '用户登出', '2026-05-13 08:38:02', NULL, NULL, NULL, '127.0.0.1');
INSERT INTO `audit_logs` (`id`, `user`, `action`, `target_type`, `target_id`, `details`, `log_time`, `before_value`, `after_value`, `reason`, `ip_address`) VALUES (163, 'user2', 'login', 'user', 5, '用户登录', '2026-05-13 08:38:11', NULL, NULL, NULL, '127.0.0.1');
INSERT INTO `audit_logs` (`id`, `user`, `action`, `target_type`, `target_id`, `details`, `log_time`, `before_value`, `after_value`, `reason`, `ip_address`) VALUES (164, 'user2', 'logout', 'user', 5, '用户登出', '2026-05-13 08:38:17', NULL, NULL, NULL, '127.0.0.1');
INSERT INTO `audit_logs` (`id`, `user`, `action`, `target_type`, `target_id`, `details`, `log_time`, `before_value`, `after_value`, `reason`, `ip_address`) VALUES (165, 'admin', 'login', 'user', 1, '用户登录', '2026-05-13 08:38:22', NULL, NULL, NULL, '127.0.0.1');
INSERT INTO `audit_logs` (`id`, `user`, `action`, `target_type`, `target_id`, `details`, `log_time`, `before_value`, `after_value`, `reason`, `ip_address`) VALUES (166, 'admin', 'toggle_user', 'user', 4, '用户 test_qa_user 状态改为 inactive', '2026-05-13 08:44:46', NULL, NULL, NULL, '127.0.0.1');
INSERT INTO `audit_logs` (`id`, `user`, `action`, `target_type`, `target_id`, `details`, `log_time`, `before_value`, `after_value`, `reason`, `ip_address`) VALUES (167, 'admin', 'delete_user', 'user', 4, '删除用户 test_qa_user', '2026-05-13 08:44:49', NULL, NULL, NULL, '127.0.0.1');
INSERT INTO `audit_logs` (`id`, `user`, `action`, `target_type`, `target_id`, `details`, `log_time`, `before_value`, `after_value`, `reason`, `ip_address`) VALUES (168, 'admin', 'toggle_user', 'user', 3, '用户 wtf 状态改为 inactive', '2026-05-13 08:44:56', NULL, NULL, NULL, '127.0.0.1');
INSERT INTO `audit_logs` (`id`, `user`, `action`, `target_type`, `target_id`, `details`, `log_time`, `before_value`, `after_value`, `reason`, `ip_address`) VALUES (169, 'admin', 'delete_user', 'user', 3, '删除用户 wtf', '2026-05-13 08:44:59', NULL, NULL, NULL, '127.0.0.1');
INSERT INTO `audit_logs` (`id`, `user`, `action`, `target_type`, `target_id`, `details`, `log_time`, `before_value`, `after_value`, `reason`, `ip_address`) VALUES (170, 'admin', 'download_document', 'document', 4, '下载 设备维护记录.docx v1.2', '2026-05-13 09:02:27', NULL, NULL, NULL, '127.0.0.1');
INSERT INTO `audit_logs` (`id`, `user`, `action`, `target_type`, `target_id`, `details`, `log_time`, `before_value`, `after_value`, `reason`, `ip_address`) VALUES (171, 'admin', 'login', 'user', 1, '用户登录', '2026-05-14 01:15:59', NULL, NULL, NULL, '127.0.0.1');
INSERT INTO `audit_logs` (`id`, `user`, `action`, `target_type`, `target_id`, `details`, `log_time`, `before_value`, `after_value`, `reason`, `ip_address`) VALUES (172, 'admin', 'login', 'user', 1, '用户登录', '2026-05-14 01:25:01', NULL, NULL, NULL, '127.0.0.1');
INSERT INTO `approval_requests` (`id`, `doc_id`, `status`, `created_by`, `created_at`, `current_step`) VALUES (1, 1, 'approved', 'user', '2026-05-11 08:45:21', 1);
INSERT INTO `approval_requests` (`id`, `doc_id`, `status`, `created_by`, `created_at`, `current_step`) VALUES (2, 2, 'approved', 'admin', '2026-05-11 09:26:20', 1);
INSERT INTO `approval_requests` (`id`, `doc_id`, `status`, `created_by`, `created_at`, `current_step`) VALUES (3, 3, 'approved', 'admin', '2026-05-11 09:36:13', 1);
INSERT INTO `approval_requests` (`id`, `doc_id`, `status`, `created_by`, `created_at`, `current_step`) VALUES (4, 4, 'approved', 'admin', '2026-05-13 01:45:24', 1);
INSERT INTO `approval_requests` (`id`, `doc_id`, `status`, `created_by`, `created_at`, `current_step`) VALUES (5, 5, 'approved', 'admin', '2026-05-13 01:49:24', 1);
INSERT INTO `approval_requests` (`id`, `doc_id`, `status`, `created_by`, `created_at`, `current_step`) VALUES (6, 6, 'approved', 'admin', '2026-05-13 02:02:09', 1);
INSERT INTO `approval_requests` (`id`, `doc_id`, `status`, `created_by`, `created_at`, `current_step`) VALUES (7, 12, 'pending', 'admin', '2026-05-13 08:22:13', 1);
INSERT INTO `approval_steps` (`id`, `request_id`, `step_order`, `approver_role`, `status`, `decided_by`, `decided_at`, `comment`, `signature_id`) VALUES (1, 1, 1, 'admin', 'approved', 'admin', '2026-05-11 09:17:12', '', 1);
INSERT INTO `approval_steps` (`id`, `request_id`, `step_order`, `approver_role`, `status`, `decided_by`, `decided_at`, `comment`, `signature_id`) VALUES (2, 2, 1, 'admin', 'approved', 'admin', '2026-05-11 09:26:27', '', 2);
INSERT INTO `approval_steps` (`id`, `request_id`, `step_order`, `approver_role`, `status`, `decided_by`, `decided_at`, `comment`, `signature_id`) VALUES (3, 3, 1, 'admin', 'approved', 'admin', '2026-05-11 09:36:19', '', 3);
INSERT INTO `approval_steps` (`id`, `request_id`, `step_order`, `approver_role`, `status`, `decided_by`, `decided_at`, `comment`, `signature_id`) VALUES (4, 4, 1, 'admin', 'approved', 'admin', '2026-05-13 08:13:47', '', 4);
INSERT INTO `approval_steps` (`id`, `request_id`, `step_order`, `approver_role`, `status`, `decided_by`, `decided_at`, `comment`, `signature_id`) VALUES (5, 5, 1, 'admin', 'approved', 'admin', '2026-05-13 08:13:51', '', 5);
INSERT INTO `approval_steps` (`id`, `request_id`, `step_order`, `approver_role`, `status`, `decided_by`, `decided_at`, `comment`, `signature_id`) VALUES (6, 6, 1, 'admin', 'approved', 'admin', '2026-05-13 08:13:52', '', 6);
INSERT INTO `approval_steps` (`id`, `request_id`, `step_order`, `approver_role`, `status`, `decided_by`, `decided_at`, `comment`, `signature_id`) VALUES (7, 7, 1, 'admin', 'pending', NULL, NULL, NULL, NULL);
INSERT INTO `signatures` (`id`, `user`, `meaning`, `doc_id`, `doc_version`, `doc_hash`, `ip_address`, `user_agent`, `signed_at`) VALUES (1, 'admin', 'Approved', 1, '1.0', 'ffae13c0273cf8cab71b651b0e5f084506cf518f6e68a0a490fc953cb96dbead', '127.0.0.1', 'Mozilla/5.0 (Windows NT 10.0; Win64; x64) AppleWebKit/537.36 (KHTML, like Gecko) Chrome/147.0.0.0 Safari/537.36', '2026-05-11 09:17:12');
INSERT INTO `signatures` (`id`, `user`, `meaning`, `doc_id`, `doc_version`, `doc_hash`, `ip_address`, `user_agent`, `signed_at`) VALUES (2, 'admin', 'Approved', 2, '1.0', 'cfffbb41d7360ec80d61b9626c9e1945b3ba45dc42ed6530d51de42adae9fa97', '127.0.0.1', 'Mozilla/5.0 (Windows NT 10.0; Win64; x64) AppleWebKit/537.36 (KHTML, like Gecko) Chrome/147.0.0.0 Safari/537.36', '2026-05-11 09:26:27');
INSERT INTO `signatures` (`id`, `user`, `meaning`, `doc_id`, `doc_version`, `doc_hash`, `ip_address`, `user_agent`, `signed_at`) VALUES (3, 'admin', 'Approved', 3, '1.1', 'c998d719e15d4435935f6af3236fdca4cc1c3c9e09fcd381b546037aaabd1952', '127.0.0.1', 'Mozilla/5.0 (Windows NT 10.0; Win64; x64) AppleWebKit/537.36 (KHTML, like Gecko) Chrome/147.0.0.0 Safari/537.36', '2026-05-11 09:36:19');
INSERT INTO `signatures` (`id`, `user`, `meaning`, `doc_id`, `doc_version`, `doc_hash`, `ip_address`, `user_agent`, `signed_at`) VALUES (4, 'admin', 'Approved', 4, '1.2', '3842fe441a9b9f3f56bd96a57eba483eed16413aa39801eedd38d77780163040', '127.0.0.1', 'Mozilla/5.0 (Windows NT 10.0; Win64; x64) AppleWebKit/537.36 (KHTML, like Gecko) Chrome/148.0.0.0 Safari/537.36 Edg/148.0.0.0', '2026-05-13 08:13:47');
INSERT INTO `signatures` (`id`, `user`, `meaning`, `doc_id`, `doc_version`, `doc_hash`, `ip_address`, `user_agent`, `signed_at`) VALUES (5, 'admin', 'Approved', 5, '1.0', '52bef343a59b54e6a11e223baeff052e2ea0e664655c7eae90d6275643a31cda', '127.0.0.1', 'Mozilla/5.0 (Windows NT 10.0; Win64; x64) AppleWebKit/537.36 (KHTML, like Gecko) Chrome/148.0.0.0 Safari/537.36 Edg/148.0.0.0', '2026-05-13 08:13:51');
INSERT INTO `signatures` (`id`, `user`, `meaning`, `doc_id`, `doc_version`, `doc_hash`, `ip_address`, `user_agent`, `signed_at`) VALUES (6, 'admin', 'Approved', 6, '1.0', 'd32c862e93da8de1f57597c585c5159ad5253b88a1f8438f3551aa30d7bed0b4', '127.0.0.1', 'Mozilla/5.0 (Windows NT 10.0; Win64; x64) AppleWebKit/537.36 (KHTML, like Gecko) Chrome/148.0.0.0 Safari/537.36 Edg/148.0.0.0', '2026-05-13 08:13:52');
INSERT INTO `device_status_requests` (`id`, `device_id`, `requested_by`, `new_status`, `reason`, `status`, `created_at`, `decided_by`, `decided_at`, `comment`) VALUES (1, 2, 'admin', 'retired', 'asdasdd', 'approved', '2026-05-13 07:58:45', 'admin', '2026-05-13 08:17:01', '');
INSERT INTO `device_status_requests` (`id`, `device_id`, `requested_by`, `new_status`, `reason`, `status`, `created_at`, `decided_by`, `decided_at`, `comment`) VALUES (2, 2, 'admin', 'retired', 'dsdfsdfsd', 'approved', '2026-05-13 08:00:28', 'admin', '2026-05-13 08:17:07', '顶顶顶顶');
INSERT INTO `maintenance_plan` (`id`, `device_id`, `maintenance_type`, `interval_days`, `next_due_date`, `is_active`, `created_by`, `created_at`, `updated_at`) VALUES (1, 1, 'calibration', 90, '2026-08-10', 0, 'admin', '2026-05-12 06:33:36', '2026-05-12 06:34:45');
INSERT INTO `maintenance_plan` (`id`, `device_id`, `maintenance_type`, `interval_days`, `next_due_date`, `is_active`, `created_by`, `created_at`, `updated_at`) VALUES (2, 2, 'maintenance', 7, '2026-05-19', 1, 'admin', '2026-05-12 08:16:00', '2026-05-12 09:40:32');
INSERT INTO `maintenance_plan` (`id`, `device_id`, `maintenance_type`, `interval_days`, `next_due_date`, `is_active`, `created_by`, `created_at`, `updated_at`) VALUES (3, 2, 'inspection', 180, '2026-05-22', 1, 'admin', '2026-05-12 09:50:29', '2026-05-12 09:50:29');
INSERT INTO `maintenance_record` (`id`, `plan_id`, `device_id`, `maintenance_type`, `content`, `result`, `performed_by`, `performed_at`, `next_due_date`, `parts_used`, `created_at`) VALUES (1, 1, 1, 'calibration', '按规程进行波长校准，检测基线噪声，校准保留时间', 'qualified', 'admin', '2026-05-12', '2026-08-10', '标准品溶液 1 瓶', '2026-05-12 06:34:45');
INSERT INTO `maintenance_record` (`id`, `plan_id`, `device_id`, `maintenance_type`, `content`, `result`, `performed_by`, `performed_at`, `next_due_date`, `parts_used`, `created_at`) VALUES (2, 1, 1, 'calibration', '校准发现偏差超出允许范围', 'unqualified', 'admin', '2026-05-12', '2026-08-10', NULL, '2026-05-12 06:34:45');
INSERT INTO `maintenance_record` (`id`, `plan_id`, `device_id`, `maintenance_type`, `content`, `result`, `performed_by`, `performed_at`, `next_due_date`, `parts_used`, `created_at`) VALUES (3, 2, 2, 'maintenance', '更换润滑油', 'qualified', 'admin', '2026-05-12', '2026-05-19', NULL, '2026-05-12 08:16:34');
INSERT INTO `maintenance_record` (`id`, `plan_id`, `device_id`, `maintenance_type`, `content`, `result`, `performed_by`, `performed_at`, `next_due_date`, `parts_used`, `created_at`) VALUES (4, 2, 2, 'maintenance', '顶顶顶顶', 'qualified', 'admin', '2026-05-12', '2026-05-19', NULL, '2026-05-12 09:40:01');
INSERT INTO `password_reset_requests` (`id`, `user_id`, `username`, `status`, `requested_at`, `processed_at`, `processed_by`, `ip_address`) VALUES (2, 2, 'user', 'completed', '2026-05-13 06:51:12', '2026-05-13 06:53:48', 'admin', '127.0.0.1');
INSERT INTO `password_reset_requests` (`id`, `user_id`, `username`, `status`, `requested_at`, `processed_at`, `processed_by`, `ip_address`) VALUES (3, 2, 'user', 'completed', '2026-05-13 06:53:59', '2026-05-13 07:00:07', 'admin', '127.0.0.1');
INSERT INTO `password_reset_requests` (`id`, `user_id`, `username`, `status`, `requested_at`, `processed_at`, `processed_by`, `ip_address`) VALUES (4, 2, 'user', 'pending', '2026-05-13 07:00:34', NULL, NULL, '127.0.0.1');
INSERT INTO `system_settings` (`id`, `setting_key`, `setting_value`, `description`, `updated_at`, `updated_by`) VALUES (1, 'approval_enabled', 'true', '是否启用文档审批流程', '2026-05-13 08:21:18', 'admin');
INSERT INTO `system_settings` (`id`, `setting_key`, `setting_value`, `description`, `updated_at`, `updated_by`) VALUES (2, 'auto_approve_document', 'false', '文档上传后是否自动生效（跳过审批）', '2026-05-13 08:21:19', 'admin');